PrimerName	ForwardSeq
ATM_1_F1	ctctctatgggcagtcggtgattTATAAATACTGCAGTATAAAATAATTAT
ATM_1_F2	ctctctatgggcagtcggtgattTTACAGACAGTGATGTGTGTTCT
ATM_1_R1	ctctctatgggcagtcggtgattTATAAATACTGCAGTATAAAATAATTAT
ATM_1_R2	ctctctatgggcagtcggtgattTTACAGACAGTGATGTGTGTTCT
ATM_10_F1	ctctctatgggcagtcggtgattTTTATGTTCATTTAGTCACCTTAAC
ATM_10_F2	ctctctatgggcagtcggtgattTTGTTTTGTTATAGTCCTGCAGTA
ATM_10_F3	ctctctatgggcagtcggtgattTGAAGTAAATAGAAGCTTTTCTTTAA
ATM_10_R1	ctctctatgggcagtcggtgattTTTATGTTCATTTAGTCACCTTAAC
ATM_10_R2	ctctctatgggcagtcggtgattTTGTTTTGTTATAGTCCTGCAGTA
ATM_10_R3	ctctctatgggcagtcggtgattTGAAGTAAATAGAAGCTTTTCTTTAA
ATM_11_F1	ctctctatgggcagtcggtgattGATCCAAATTTTAGAAGTCAAGATT
ATM_11_F2	ctctctatgggcagtcggtgattTTTCTTTGTAGTAATTTTCCTCATC
ATM_11_R1	ctctctatgggcagtcggtgattGATCCAAATTTTAGAAGTCAAGATT
ATM_11_R2	ctctctatgggcagtcggtgattTTTCTTTGTAGTAATTTTCCTCATC
ATM_12_F1	ctctctatgggcagtcggtgattCTTTGTAATATATTGCTAATACATATA
ATM_12_F2	ctctctatgggcagtcggtgattAAGAACTTTCATTCTCAGAAGTAG
ATM_12_F3	ctctctatgggcagtcggtgattAGTCCAGTATTGGCTTCTCTGT
ATM_12_R1	ctctctatgggcagtcggtgattCTTTGTAATATATTGCTAATACATATA
ATM_12_R2	ctctctatgggcagtcggtgattAAGAACTTTCATTCTCAGAAGTAG
ATM_12_R3	ctctctatgggcagtcggtgattAGTCCAGTATTGGCTTCTCTGT
ATM_13_F2	ctctctatgggcagtcggtgattGGTGTTCACGTCTTTTGGTGG
ATM_13_R2	ctctctatgggcagtcggtgattGGTGTTCACGTCTTTTGGTGG